개방자치단체코드,관리번호,인허가일자,인허가취소일자,영업상태코드,영업상태명,상세영업상태코드,상세영업상태명,폐업일자,휴업시작일자,휴업종료일자,재개업일자,전화번호,소재지면적,소재지우편번호,지번주소,도로명주소,도로명우편번호,사업장명,최종수정일자,데이터갱신구분,데이터갱신일자,업태구분명,좌표정보(X),좌표정보(Y),축산업무구분명,축산물가공업구분명,축산일련번호,권리주체일련번호,총인원
3230000,323000001019870001,19870910,,03,폐업,0002,폐업,20091022,,,,473-0577,0,,서울특별시 송파구 풍납동 257-95번지 ,서울특별시 송파구 토성로 30-1 (풍납동),,애니종합동물병원,2015-07-29 17:36:24,I,2018-08-31 23:59:59.0,,209976.153437942    ,447559.131102071    ,동물병원,,,000,
3230000,323000001019880001,19880910,,03,폐업,0002,폐업,20160318,,,,419-0430,0,,서울특별시 송파구 삼전동 49번지 ,서울특별시 송파구 백제고분로 218 (삼전동),,사랑의동물병원,2016-03-18 16:55:07,I,2018-08-31 23:59:59.0,,207955.027310136    ,444570.309103137    ,동물병원,,,000,
3230000,323000001019890002,19891230,,03,폐업,0002,폐업,20000601,,,,418-4684,0,,서울특별시 송파구 송파동 48-19번지 ,,,잠실종합병원,2015-07-30 19:48:42,I,2018-08-31 23:59:59.0,,209761.048881018    ,445221.16975319     ,동물병원,,,000,
3230000,323000001019900002,19900808,,01,영업/정상,0000,정상,,,,,02-404-6123,21.45,,서울특별시 송파구 오금동 39-1,서울특별시 송파구 오금로35길 44 (오금동),05660,이재풍동물병원,2022-12-05 13:09:48,U,2021-11-02 00:07:00.0,,211360.492859605,444924.373362214,,,,,
3230000,323000001019900003,19900511,,03,폐업,0002,폐업,20011010,,,,4006294,0,,서울특별시 송파구 오금동 129-12번지 ,서울특별시 송파구 마천로26길 12 (오금동),,거여가축병원,2015-07-28 16:51:26,I,2018-08-31 23:59:59.0,,212178.422060438    ,444450.850859454    ,동물병원,,,000,
3230000,323000001019910001,19910218,,01,영업/정상,0000,정상,,,,,02-402-5746,0,,서울특별시 송파구 가락동 190-6 무영빌딩,서울특별시 송파구 동남로18길 23, 무영빌딩 (가락동),05783,영국동물병원,2022-12-05 13:10:20,U,2021-11-02 00:07:00.0,,211698.200784756,443566.970137348,,,,,
3230000,323000001019910002,19910330,,01,영업/정상,0000,정상,,,,,02-414-7588,0,,서울특별시 송파구 잠실동 175-12 올림픽타워 101호,서울특별시 송파구 올림픽로 88, 올림픽타워 101호 (잠실동),05556,희망종합동물병원,2022-12-27 11:15:38,U,2021-11-01 22:09:00.0,,207048.638189411,445470.105610856,,,,,
3230000,323000001019910003,19910426,,01,영업/정상,0000,정상,,,,,02-401-0075,0,,서울특별시 송파구 거여동 562-4,서울특별시 송파구 오금로 498 (거여동),05772,노아동물병원,2022-12-05 13:11:35,U,2021-11-02 00:07:00.0,,212655.919014923,443430.772446166,,,,,
3230000,323000001019930001,19930713,,01,영업/정상,0000,정상,,,,,02-443-8083,0,,서울특별시 송파구 거여동 133-77 흥일빌딩,서울특별시 송파구 마천로 264, 흥일빌딩 (거여동),05735,오주동물병원,2022-12-05 13:07:45,U,2021-11-02 00:07:00.0,,212852.620762184,443990.574678948,,,,,
3230000,323000001019930002,1993-07-02,,01,영업/정상,0000,정상,,,,,02-414-0075,0,,서울특별시 송파구 방이동 124-8 남양빌딩,서울특별시 송파구 오금로 203, 남양빌딩 (방이동),05643,페토피아종합동물병원,2023-02-28 15:01:48,U,2022-12-03 00:03:00.0,,210245.052534968,445108.572829289,,,,,
3230000,323000001019930003,19931206,,03,폐업,0002,폐업,20020423,,,,4170280,0,,서울특별시 송파구 석촌동 272-24번지 ,,,석촌동물병원,2015-07-29 17:22:10,I,2018-08-31 23:59:59.0,,209341.713708459    ,444311.491837305    ,동물병원,,,000,
3230000,323000001019930004,19931227,,03,폐업,0002,폐업,20020911,,,,4303737,0,,서울특별시 송파구 가락동 156-3번지 ,서울특별시 송파구 중대로 206 (가락동),,에이스동물병원,2015-07-30 19:32:58,I,2018-08-31 23:59:59.0,,211158.995658969    ,444226.626291439    ,동물병원,,,000,
3230000,323000001019940001,19940629,,01,영업/정상,0000,정상,,,,,02-443-8973,0,,서울특별시 송파구 오금동 120-7,서울특별시 송파구 동남로 318 (오금동),05730,김민재동물병원,2022-12-05 13:12:48,U,2021-11-02 00:07:00.0,,212193.427439158,444617.315100966,,,,,
3230000,323000001019940002,19940331,,03,폐업,0002,폐업,20001222,,,,4025577,0,,서울특별시 송파구 가락동 120-1번지 ,,,워리동물병원,2015-07-30 19:40:57,I,2018-08-31 23:59:59.0,,210976.42354535     ,443383.380467593    ,동물병원,,,000,
3230000,323000001019940003,19940707,,03,폐업,0002,폐업,20180724,,,,418-8611,0,,서울특별시 송파구 방이동 35-9번지 ,서울특별시 송파구 올림픽로 362 (방이동),,박경호동물병원,2018-07-24 16:22:05,I,2018-08-31 23:59:59.0,,209687.792466386    ,446023.390115824    ,동물병원,,,000,
3230000,323000001019960001,19960725,,03,폐업,0002,폐업,20000404,,,,22023515,0,,서울특별시 송파구 삼전동 7-6번지 ,,,서울동물병원,2015-07-29 17:13:19,I,2018-08-31 23:59:59.0,,207763.353192352    ,444701.207870431    ,동물병원,,,000,
3230000,323000001019970001,19970315,,01,영업/정상,0000,정상,,,,,02-2202-0075,0,,서울특별시 송파구 잠실동 234-17 성선빌딩,서울특별시 송파구 백제고분로 161, 성선빌딩 (잠실동),05568,위드펫종합동물병원,2022-12-05 13:13:24,U,2021-11-02 00:07:00.0,,207433.005970073,444811.921776388,,,,,
3230000,323000001019970003,19971030,,03,폐업,0002,폐업,20000722,,,,4191351,0,,,서울특별시 강남구 봉은사로72길 33, 101동 8층 1호 (삼성동, 영무예다음),06155,25시동물병원,2015-07-28 16:09:18,I,2018-08-31 23:59:59.0,,204557.575517171    ,445352.425371856    ,동물병원,,,000,
3230000,323000001019970004,19971204,,03,폐업,0002,폐업,20220826,,,,02-473-6900,0,,서울특별시 송파구 풍납동 480-2,서울특별시 송파구 올림픽로 611 (풍납동),05519,천호동물병원,2022-08-26 16:47:02,U,2021-12-07 22:08:00.0,,210741.421234803,448246.644645749,,,,,
3230000,323000001019980001,19980227,,03,폐업,0002,폐업,20020315,,,,4047582,0,,서울특별시 송파구 가락동 101-1번지 ,,,훼미리동물병원,2015-07-30 20:14:54,I,2018-08-31 23:59:59.0,,210600.11492768     ,443166.621778007    ,동물병원,,,000,
3230000,323000001019980002,19980507,,03,폐업,0002,폐업,20000303,,,,4317575,0,,서울특별시 송파구 가락동 193-3번지 ,,,문정종합동물병원,2015-07-29 16:57:35,I,2018-08-31 23:59:59.0,,211522.187830574    ,443693.193640948    ,동물병원,,,000,
3230000,323000001019980003,19980518,,03,폐업,0002,폐업,20000329,,,,4888275,0,,서울특별시 송파구 풍납동 504-1번지 ,,,박형우종합동물병원,2015-07-29 17:05:45,I,2018-08-31 23:59:59.0,,210576.93002717     ,447660.489283034    ,동물병원,,,000,
3230000,323000001019980004,19980918,,03,폐업,0002,폐업,20020412,,,,449-8575,0,,서울특별시 송파구 마천동 211-45번지 ,서울특별시 송파구 성내천로 306 (마천동),,다사랑동물병원,2015-07-28 17:43:56,I,2018-08-31 23:59:59.0,,213681.00725924     ,443507.687904286    ,동물병원,,,000,
3230000,323000001019980005,19981118,,03,폐업,0002,폐업,20050517,,,,2203-0040,0,,서울특별시 송파구 잠실동 40-1번지 ,서울특별시 송파구 올림픽로 240 (잠실동),,한울동물병원,2015-07-30 20:12:12,I,2018-08-31 23:59:59.0,,208589.363343145    ,445455.90405262     ,동물병원,,,000,
3230000,323000001019980006,19981221,,03,폐업,0002,폐업,20000419,,,,4192611,0,,서울특별시 송파구 석촌동 252-2번지 ,,,엄마손동물병원,2015-07-29 17:37:10,I,2018-08-31 23:59:59.0,,209056.605537083    ,444164.593063831    ,동물병원,,,000,
3230000,323000001019990001,19990108,,01,영업/정상,0000,정상,,,,,02-413-0075,0,,서울특별시 송파구 방이동 226-7 건양빌딩,서울특별시 송파구 오금로 247, 건양빌딩 (방이동),05645,가락종합동물병원,2022-12-05 13:13:51,U,2021-11-02 00:07:00.0,,210632.391175015,444908.653893049,,,,,
3230000,323000001019990002,19990430,,03,폐업,0002,폐업,20161101,,,,404-8275,0,,서울특별시 송파구 거여동 183-11번지 ,서울특별시 송파구 마천로 274 (거여동),,첼린저동물병원,2016-11-02 14:15:28,I,2018-08-31 23:59:59.0,,212923.431207523    ,443926.046944952    ,동물병원,,,000,
3230000,323000001019990003,19990708,,03,폐업,0002,폐업,20000229,,,,4030222,0,,서울특별시 송파구 가락동 49-3번지 ,,,밍키종합동물병원,2015-07-29 16:59:57,I,2018-08-31 23:59:59.0,,210649.574428192    ,443956.992699821    ,동물병원,,,000,
3230000,323000001019990004,19990708,,03,폐업,0002,폐업,20100518,,,,420-9993,0,,서울특별시 송파구 송파동 103-29번지 ,서울특별시 송파구 가락로 162 (송파동),,한양종합동물병원,2015-07-30 20:10:55,I,2018-08-31 23:59:59.0,,209960.669881595    ,444566.344556444    ,동물병원,,,000,
3230000,323000001019990005,19990830,,03,폐업,0002,폐업,20010110,,,,4243662,0,,서울특별시 송파구 송파동 97-14 번지 ,,,LA종합동물병원,2003-03-25 15:42:45,I,2018-08-31 23:59:59.0,,,,동물병원,,,000,
3230000,323000001019990006,19990713,,01,영업/정상,0000,정상,,,,,02-424-2955,243.8,,서울특별시 송파구 삼전동 132-12 신일빌딩,서울특별시 송파구 삼학사로 75, 신일빌딩 (삼전동),05603,하트동물메디컬센터,2022-12-05 13:14:32,U,2021-11-02 00:07:00.0,,208492.722187505,444640.994915597,,,,,
3230000,323000001019990007,19990916,,03,폐업,0002,폐업,20050414,,,,443-9229,0,,서울특별시 송파구 문정동 31번지 ,서울특별시 송파구 동남로4길 25 (문정동),,로데오24종합동물병원,2015-07-28 18:05:04,I,2018-08-31 23:59:59.0,,210988.623541293    ,442868.607364986    ,동물병원,,,000,
3230000,323000001020000001,20000121,,03,폐업,0002,폐업,20040402,,,,400-3644,0,,서울특별시 송파구 가락동 190번지 ,서울특별시 송파구 오금로46길 36 (가락동),,더독동물병원,2015-07-28 17:49:10,I,2018-08-31 23:59:59.0,,211753.703474149    ,443623.792976588    ,동물병원,,,000,
3230000,323000001020000002,20000124,,03,폐업,0002,폐업,20011119,,,,420-8133,0,,서울특별시 송파구 송파동 143-7번지 ,,,서광VETLAB,2015-07-29 17:11:57,I,2018-08-31 23:59:59.0,,210174.7731322      ,445002.235824616    ,동물병원,,,000,
3230000,323000001020000003,20000228,,03,폐업,0002,폐업,20010131,,,,449-4617,0,,서울특별시 송파구 가락동 49-3번지 ,,,밍키종합동물병원,2015-07-29 17:01:02,I,2018-08-31 23:59:59.0,,210649.574428192    ,443956.992699821    ,동물병원,,,000,
3230000,323000001020000004,20000304,,03,폐업,0002,폐업,20010205,,,,406-4814,0,,서울특별시 송파구 마천동 35번지 ,서울특별시 송파구 마천로 263 (마천동),,동물의왕국,2015-07-28 17:54:37,I,2018-08-31 23:59:59.0,,212868.812454154    ,444025.540493315    ,동물병원,,,000,
3230000,323000001020000005,20000406,,03,폐업,0002,폐업,20011016,,,,4139181,0,,서울특별시 송파구 방이동 111번지 ,서울특별시 송파구 백제고분로48길 6 (방이동),,한성종합동물병원,2015-07-30 20:10:05,I,2018-08-31 23:59:59.0,,209996.978132358    ,445483.819995873    ,동물병원,,,000,
3230000,323000001020000006,20000406,,03,폐업,0002,폐업,20001018,,,,2202-3515,0,,서울특별시 송파구 삼전동 7-6번지 ,,,서울동물의료원,2015-07-29 17:14:06,I,2018-08-31 23:59:59.0,,207763.353192352    ,444701.207870431    ,동물병원,,,000,
3230000,323000001020000007,20000427,,03,폐업,0002,폐업,20010116,,,,419-2611,0,,서울특별시 송파구 석촌동 252-2번지 ,,,엄마손동물병원,2015-07-29 17:38:02,I,2018-08-31 23:59:59.0,,209056.605537083    ,444164.593063831    ,동물병원,,,000,
3230000,323000001020000008,20000428,,03,폐업,0002,폐업,20110701,,,,431-7575,0,,서울특별시 송파구 가락동 193-3번지 ,서울특별시 송파구 동남로 202 (가락동),,문정종합동물병원,2015-07-29 16:58:20,I,2018-08-31 23:59:59.0,,211522.187830574    ,443693.193640948    ,동물병원,,,000,
3230000,323000001020000009,20000515,,03,폐업,0002,폐업,20020724,,,,2202-3633,0,,서울특별시 송파구 석촌동 184-8번지 ,,,Di.J동물병원,2015-07-31 17:38:55,I,2018-08-31 23:59:59.0,,209259.359221441    ,444929.159276105    ,동물병원,,,000,
3230000,323000001020000010,20000612,,03,폐업,0002,폐업,20000915,,,,408-8422,0,,서울특별시 송파구 오금동 78-6번지 ,,,메디텍코리아,2015-07-29 16:55:55,I,2018-08-31 23:59:59.0,,211873.187253419    ,444777.912881086    ,동물병원,,,000,
3230000,323000001020000011,20040603,,03,폐업,0002,폐업,20110628,,,,2202-3515,0,,서울특별시 송파구 삼전동 7-6번지 지하1,지상1층 ,서울특별시 송파구 백제고분로 195 (삼전동,지하1,지상1층),,서울동물의료원,2015-07-29 17:14:56,I,2018-08-31 23:59:59.0,,207763.353192352    ,444701.207870431    ,동물병원,,,000,
3230000,323000001020000012,20001019,,03,폐업,0002,폐업,20171228,,,,408-9725,0,,서울특별시 송파구 거여동 562-2번지 ,서울특별시 송파구 오금로 494 (거여동),,가람종합동물병원,2017-12-28 10:45:49,I,2018-08-31 23:59:59.0,,212628.657325359    ,443449.116274425    ,동물병원,,,000,
3230000,323000001020000013,20001025,,03,폐업,0002,폐업,20020918,,,,2202-9915,0,,서울특별시 송파구 삼전동 5-3번지 ,,,25시동물병원,2015-07-28 16:11:43,I,2018-08-31 23:59:59.0,,207835.267975002    ,444818.136471765    ,동물병원,,,000,
3230000,323000001020000014,20001025,,03,폐업,0002,폐업,20011126,,,,400-4633,0,,서울특별시 송파구 방이동 89-4번지 ,,,올림픽동물병원,2015-07-30 19:40:20,I,2018-08-31 23:59:59.0,,212138.113381365    ,446315.752490531    ,동물병원,,,000,
3230000,323000001020000015,20000401,,03,폐업,0002,폐업,20040604,,,,484-4063,0,,서울특별시 송파구 풍납동 504-1번지 ,서울특별시 송파구 올림픽로 553 (풍납동),,박형우동물병원,2015-07-29 17:04:35,I,2018-08-31 23:59:59.0,,210576.93002717     ,447660.489283034    ,동물병원,,,000,
3230000,323000001020010001,2001-06-21,,01,영업/정상,0000,정상,,,,,02-424-3662,0,,서울특별시 송파구 송파동 97-14,서울특별시 송파구 송파대로 378 (송파동),05676,송파동물의료센터,2023-10-26 11:12:20,U,2022-10-30 22:08:00.0,,209744.136012455,444378.559331522,,,,,
3230000,323000001020010002,20010209,,03,폐업,0002,폐업,20020208,,,,406-4814,0,,서울특별시 송파구 마천동 35번지 ,서울특별시 송파구 마천로 263 (마천동),,동물의왕국,2015-07-28 17:53:37,I,2018-08-31 23:59:59.0,,212868.812454154    ,444025.540493315    ,동물병원,,,000,
3230000,323000001020010003,20010215,,03,폐업,0002,폐업,20150526,,,,419-2611,0,,서울특별시 송파구 석촌동 252-2번지 ,서울특별시 송파구 가락로 62 (석촌동),,엄마손동물병원,2015-07-29 17:38:30,I,2018-08-31 23:59:59.0,,209056.605537083    ,444164.593063831    ,동물병원,,,000,
3230000,323000001020010004,20010215,,03,폐업,0002,폐업,20071005,,,,403-0222,0,,서울특별시 송파구 가락동 49-3번지 ,서울특별시 송파구 송이로 95 (가락동),,밍키종합동물병원,2015-07-29 17:01:34,I,2018-08-31 23:59:59.0,,210649.574428192    ,443956.992699821    ,동물병원,,,000,
3230000,323000001020010005,20010305,,03,폐업,0002,폐업,20070809,,,,416-8875,47.79,,서울특별시 송파구 방이동 136-13번지 ,서울특별시 송파구 가락로 259 (방이동),,방이동물병원,2015-07-31 10:51:35,I,2018-08-31 23:59:59.0,,210413.194501406    ,445439.810176902    ,동물병원,,,000,
3230000,323000001020010006,20010529,,03,폐업,0002,폐업,20080110,,,,419-8275,0,,서울특별시 송파구 삼전동 48-10번지 ,서울특별시 송파구 백제고분로 214 (삼전동),,건국동물병원,2015-07-28 16:58:01,I,2018-08-31 23:59:59.0,,207914.786189844    ,444584.647018072    ,동물병원,,,000,
3230000,323000001020010007,20010706,,03,폐업,0002,폐업,20110706,,,,400-7582,0,,서울특별시 송파구 가락동 125-8번지 ,서울특별시 송파구 송이로 171 (가락동),,봄빛동물병원,2015-07-29 17:08:40,I,2018-08-31 23:59:59.0,,211082.480335037    ,443326.359340829    ,동물병원,,,000,
3230000,323000001020010008,20011105,,03,폐업,0002,폐업,20110628,,,,416-8070,0,,,서울특별시 송파구 오금로 168 (송파동),05662,강남종합동물병원,2015-07-31 11:02:52,I,2018-08-31 23:59:59.0,,209918.583080726    ,445270.497368313    ,동물병원,,,000,
3230000,323000001020010010,20020114,,03,폐업,0002,폐업,20030213,,,,4004633,0,,서울특별시 송파구 방이동 89-5번지 G상가105호 ,서울특별시 송파구 강동대로 320 (방이동,G상가105호),,올림픽동물병원,2003-03-26 10:08:28,I,2018-08-31 23:59:59.0,,212327.8926835      ,446210.663123865    ,동물병원,,,000,
3230000,323000001020020001,2002-02-15,,01,영업/정상,0000,정상,,,,,02-406-4814,0,,서울특별시 송파구 거여동 202-180 송파시그니처롯데캐슬,서울특별시 송파구 거마로 56, 121호 (거여동, 송파시그니처롯데캐슬),05767,동물의왕국동물병원,2023-02-03 17:18:18,U,2022-12-02 00:05:00.0,,213149.522764117,443705.473072412,,,,,
3230000,323000001020020002,20020318,,03,폐업,0002,폐업,20021111,,,,4047582,0,,서울특별시 송파구 가락동 101-1번지 ,,,훼밀리동물병원,2015-07-30 20:15:28,I,2018-08-31 23:59:59.0,,210600.11492768     ,443166.621778007    ,동물병원,,,000,
3230000,323000001020020003,20020501,,01,영업/정상,0000,정상,,,,,02-449-0101,0,,서울특별시 송파구 오금동 17-2 우일빌딩,서울특별시 송파구 마천로5길 16, 우일빌딩 (오금동),05657,늘푸른동물병원,2022-12-05 13:19:15,U,2021-11-02 00:07:00.0,,211178.183227105,445262.746389068,,,,,
3230000,323000001020020004,20020506,,03,폐업,0002,폐업,20081126,,,,449-7580,0,,서울특별시 송파구 가락동 137-3번지 ,,,메디칼동물병원,2015-07-28 18:11:14,I,2018-08-31 23:59:59.0,,211262.994857358    ,443408.278406299    ,동물병원,,,000,
3230000,323000001020020005,20020508,,03,폐업,0002,폐업,20111116,,,,412-0098,0,,서울특별시 송파구 잠실동 228-10번지 ,서울특별시 송파구 백제고분로 131 (잠실동),,팔라스동물병원,2015-07-31 17:37:58,I,2018-08-31 23:59:59.0,,207154.999826048    ,444910.897363304    ,동물병원,,,000,
3230000,323000001020020006,20020726,,03,폐업,0002,폐업,20170403,,,,2202-3633,0,,,서울특별시 송파구 송파대로 451 (석촌동),05609,닥터제이동물병원,2017-04-03 15:33:42,I,2018-08-31 23:59:59.0,,209259.359221441    ,444929.159276105    ,동물병원,,,000,
3230000,323000001020020007,20020916,,01,영업/정상,0000,정상,,,,,02-419-1351,0,,서울특별시 송파구 삼전동 5-3 남관빌딩,서울특별시 송파구 삼전로 80, 남관빌딩 (삼전동),05606,25시동물의료센터,2022-08-19 08:36:30,U,2021-12-07 22:01:00.0,,207835.267975002,444818.136471765,,,,,
3230000,323000001020020008,20020916,,01,영업/정상,0000,정상,,,,,02-415-7585,0,,서울특별시 송파구 송파동 96-6 창영빌딩,서울특별시 송파구 송파대로 388, 창영빌딩 (송파동),05668,잠실종합동물병원,2022-12-05 13:21:08,U,2021-11-02 00:07:00.0,,209676.418724217,444469.52835088,,,,,
3230000,323000001020020009,20021016,,03,폐업,0002,폐업,20090320,,,,449-8575,0,,서울특별시 송파구 마천동 576번지 우방아파트상가 ,서울특별시 송파구 성내천로 211 (마천동,우방아파트상가),,메디펫동물병원,2015-07-29 16:56:46,I,2018-08-31 23:59:59.0,,213374.482750903    ,444245.235268426    ,동물병원,,,000,
3230000,323000001020030001,2003-01-21,,01,영업/정상,0000,정상,,,,,02-400-0075,0,,서울특별시 송파구 문정동 150-2 문정프라자,서울특별시 송파구 중대로 80, 문정프라자 (문정동),05833,펫가든동물병원,2023-04-12 17:05:35,U,2022-12-03 23:04:00.0,,210343.699256005,443288.284974717,,,,,
3230000,323000001020030002,20030214,,03,폐업,0002,폐업,20121018,,,,400-4633,0,,,서울특별시 송파구 강동대로 300 (방이동),05649,오즈동물병원,2015-07-31 11:22:41,I,2018-08-31 23:59:59.0,,212138.113381365    ,446315.752490531    ,동물병원,,,000,
3230000,323000001020030003,20030218,,03,폐업,0002,폐업,20030605,,,,413-7119,0,,서울특별시 송파구 방이동 114-5번지 ,서울특별시 송파구 오금로 169 (방이동),,페미페츠동물병원,2015-07-30 20:04:20,I,2018-08-31 23:59:59.0,,209966.384911558    ,445301.767746638    ,동물병원,,,000,
3230000,323000001020030004,20030410,,03,폐업,0002,폐업,20150331,,,,423-2075,33.4,,,서울특별시 송파구 올림픽로35길 124 (신천동),05504,늘푸른동물병원,2015-07-31 11:05:48,I,2018-08-31 23:59:59.0,,208707.089897534    ,446299.352775446    ,동물병원,,,000,
3230000,323000001020030005,20030425,,03,폐업,0002,폐업,20040309,,,,416-0126,33,,서울특별시 송파구 송파동 89-4번지 ,,,바울동물병원,2015-07-29 17:03:00,I,2018-08-31 23:59:59.0,,209567.180001638    ,444619.884666112    ,동물병원,,,000,
3230000,323000001020030006,20030507,,01,영업/정상,0000,정상,,,,,402-9119,0,,서울특별시 송파구 오금동 3번지 ,서울특별시 송파구 위례성대로 178 (오금동),,준동물병원,2003-05-07 17:58:30,I,2018-08-31 23:59:59.0,,211484.290827004    ,445340.765258539    ,동물병원,,,,
3230000,323000001020030007,20030507,,03,폐업,0002,폐업,20200831,,,,402-9119,207,,서울특별시 송파구 오금동 95-1 이화빌딩 ,서울특별시 송파구 중대로 320, 이화빌딩 1층 (오금동),05720,준동물병원,2020-08-31 14:37:31,U,2020-09-02 02:40:00.0,,211776.359911923    ,445161.729493138    ,동물병원,,,000,
3230000,323000001020030008,20030605,,03,폐업,0002,폐업,20030605,,,,,0,,서울특별시 송파구 방이동 114-5번지 ,서울특별시 송파구 오금로 169 (방이동),,패미페츠동물병원,2003-06-18 10:34:38,I,2018-08-31 23:59:59.0,,209966.384911558    ,445301.767746638    ,동물병원,,,000,
3230000,323000001020030009,20030610,,03,폐업,0002,폐업,20031204,,,,413-7119,0,,서울특별시 송파구 방이동 114-5  번지 1.2층 ,,,(주)패미페츠동물병원,2003-12-04 17:02:20,I,2018-08-31 23:59:59.0,,,,동물병원,,,L00,
3230000,323000001020030010,20030218,,03,폐업,0002,폐업,20030607,,,,,120,,서울특별시 송파구 방이동 114-5  번지 ,,,패미페츠동물병원,2003-06-12 17:50:39,I,2018-08-31 23:59:59.0,,,,동물병원,,,,
3230000,323000001020030011,20030604,,03,폐업,0002,폐업,20030605,,,,,0,,서울특별시 송파구 방이동 114-5  번지 ,,,패미페츠동물병원,2003-06-16 11:27:56,I,2018-08-31 23:59:59.0,,,,동물병원,,,,
3230000,323000001020030012,20030604,,03,폐업,0002,폐업,20030605,,,,413-7119,0,,서울특별시 송파구 방이동 114-5번지 ,서울특별시 송파구 오금로 169 (방이동),,페미페츠동물병원,2015-07-30 20:05:17,I,2018-08-31 23:59:59.0,,209966.384911558    ,445301.767746638    ,동물병원,,,000,
3230000,323000001020030013,20030605,,03,폐업,0002,폐업,20030605,,,,413-7119,123,,서울특별시 송파구 방이동 114-5  번지 ,,,페미페츠동물병원,2003-06-18 10:21:57,I,2018-08-31 23:59:59.0,,,,동물병원,,,,
3230000,323000001020030014,20030730,,03,폐업,0002,폐업,20120917,,,,420-8133,0,,서울특별시 송파구 송파동 143-7번지 ,서울특별시 송파구 백제고분로46길 41-12 (송파동),,(주)한국동물임상연구소,2012-09-17 17:00:04,I,2018-08-31 23:59:59.0,,210174.7731322      ,445002.235824616    ,동물병원,,,L00,
3230000,323000001020030017,20031209,,03,폐업,0002,폐업,20041213,,,,413-7119,0,,,충청남도 예산군 예산읍 아리랑로 93-10, 109동 1층 3호,32432,(주)패미프랜동물병원,2015-07-28 16:13:11,I,2018-08-31 23:59:59.0,,185783.285028       ,354066.533695       ,동물병원,,,L00,
3230000,323000001020040001,20040203,,01,영업/정상,0000,정상,,,,,02-409-7533,149,,서울특별시 송파구 가락동 175-14 연암빌딩,서울특별시 송파구 오금로 422, 연암빌딩 1층 (가락동),05770,에버펫 동물병원,2022-12-05 13:22:25,U,2021-11-02 00:07:00.0,,212024.630462535,443845.004858293,,,,,
3230000,323000001020040002,20040821,,03,폐업,0002,폐업,20090219,,,,3401-7588,70,,서울특별시 송파구 문정동 11-8번지 지상1층 ,서울특별시 송파구 송이로32길 16 (문정동,지상1층),,서울동물병원,2015-07-29 17:15:25,I,2018-08-31 23:59:59.0,,211216.876756012    ,442963.927571132    ,동물병원,,,000,
3230000,323000001020040003,20040913,,03,폐업,0002,폐업,20120227,,,,428-8778,44,,서울특별시 송파구 문정동 150-2번지 지하3층 ,서울특별시 송파구 중대로 80 (문정동,지하3층),,펫,알엔티 동물병원,2015-07-30 20:08:24,I,2018-08-31 23:59:59.0,,210343.699256005    ,443288.284974717    ,동물병원,,,000,
3230000,323000001020040004,20041013,,01,영업/정상,0000,정상,,,,,02-415-7114,296.69,,서울특별시 송파구 송파동 146-6,서울특별시 송파구 가락로 210, 1층 101호 (송파동),05671,송이종합동물병원,2022-12-05 13:23:06,U,2021-11-02 00:07:00.0,,210230.922086605,444982.623341455,,,,,
3230000,323000001020040005,20041122,,01,영업/정상,0000,정상,,,,,02-470-7905,0,,서울특별시 송파구 풍납동 403-9 웅산빌딩,서울특별시 송파구 올림픽로47길 20, 웅산빌딩 (풍납동),05537,씨밀레동물병원,2022-07-15 13:39:31,U,2021-12-06 23:07:00.0,,210247.717092457,447380.181370712,,,,,
3230000,323000001020050001,20050124,,03,폐업,0002,폐업,20111209,,,,412-5657,0,,서울특별시 송파구 방이동 212-19번지 지상1층 ,서울특별시 송파구 오금로31길 41 (방이동,지상1층),,오륜동물병원,2014-01-29 11:14:37,I,2018-08-31 23:59:59.0,,210816.203512453    ,445257.516834589    ,동물병원,,,000,
3230000,323000001020050002,20050506,,03,폐업,0002,폐업,20061211,,,,,0,,서울특별시 송파구 송파동 162번지 삼성레미안(아)상가 101동 106호 ,서울특별시 송파구 오금로32길 14 (송파동,삼성레미안(아)상가 101동 106호),,사랑가득동물병원,2015-07-29 17:10:16,I,2018-08-31 23:59:59.0,,210423.60497199     ,444729.592842278    ,동물병원,,,000,
3230000,323000001020050003,20050526,,03,폐업,0002,폐업,20110715,,,,2203-0049,64.8,,서울특별시 송파구 잠실동 40번지 지하 136-11 ,서울특별시 송파구 올림픽로 212 (잠실동,지하 136-11),,쿨펫동물병원,2015-07-30 19:55:49,I,2018-08-31 23:59:59.0,,208233.926974585    ,445435.257647797    ,동물병원,,,000,
3230000,323000001020050004,20051026,,03,폐업,0002,폐업,20080820,,,,3431-6007,0,,서울특별시 송파구 석촌동 1-1번지 신동아로잔뷰 상가 114호 ,,,로잔동물병원,2015-07-28 18:05:59,I,2018-08-31 23:59:59.0,,208570.23058604     ,444895.883501208    ,동물병원,,,000,
3230000,323000001020060001,20060125,,01,영업/정상,0000,정상,,,,,02-413-7514,0,,서울특별시 송파구 송파동 58-4 레이크 해모로 105호,서울특별시 송파구 오금로 126, 105호 (송파동, 레이크 해모로),05618,호수동물병원,2022-12-05 13:23:51,U,2021-11-02 00:07:00.0,,209549.208403392,445465.16800288,,,,,
3230000,323000001020070001,20070215,,03,폐업,0002,폐업,20171031,,,,3432-7533,0,,,서울특별시 송파구 백제고분로 270 (삼전동),05585,동산동물병원,2017-10-30 15:20:58,I,2018-08-31 23:59:59.0,,208442.334997138    ,444446.820960156    ,동물병원,,,000,
3230000,323000001020070002,20070302,,03,폐업,0002,폐업,20110225,,,,2202-0344,131,,서울특별시 송파구 잠실동 250-13번지 지상2층 ,서울특별시 송파구 백제고분로 181 (잠실동,지상2층),,최재호한방동물병원,2015-07-30 19:54:34,I,2018-08-31 23:59:59.0,,207629.812886596    ,444741.890687621    ,동물병원,,,000,
3230000,323000001020070003,20070314,,03,폐업,0002,폐업,,,,,422-3379,0,,서울특별시 송파구 잠실동 252-6 태영빌딩 ,서울특별시 송파구 삼전로 85, 태영빌딩 1층 (잠실동),05566,KYH웰빙동물병원,2021-11-10 11:33:47,U,2021-11-12 02:40:00.0,,207821.75333223     ,444896.052713179    ,동물병원,,,000,0
3230000,323000001020070004,20070316,,01,영업/정상,0000,정상,,,,,02-415-7580,65.29,,서울특별시 송파구 삼전동 22-1 유시에셋,서울특별시 송파구 석촌호수로 138, 유시에셋 (삼전동),05600,잠실준25시동물병원,2022-12-05 13:24:51,U,2021-11-02 00:07:00.0,,208088.558210131,444991.490732515,,,,,
3230000,323000001020070005,20070517,,01,영업/정상,0000,정상,,,,,02-408-5400,0,,서울특별시 송파구 가락동 87-1 MOXENHOUSE,서울특별시 송파구 중대로9길 48, MOXENHOUSE (가락동),05712,쿨독동물병원,2022-12-05 13:24:34,U,2021-11-02 00:07:00.0,,210468.408293066,443882.442726704,,,,,
3230000,323000001020070006,20070605,,03,폐업,0002,폐업,20111128,,,,424-0425,0,,서울특별시 송파구 송파동 164-10번지 지상1층 ,,,러브펫동물병원,2015-07-28 18:02:09,I,2018-08-31 23:59:59.0,,210335.982334812    ,444515.807400121    ,동물병원,,,000,
3230000,323000001020070007,20070803,,03,폐업,0002,폐업,20160731,,,,430-7972,40.79,,,서울특별시 송파구 문정로4길 18 (문정동),05807,해뜨는 동물병원,2016-08-01 18:15:17,I,2018-08-31 23:59:59.0,,211072.612429627    ,442512.630998197    ,동물병원,,,000,
3230000,323000001020070008,20071002,,03,폐업,0002,폐업,20170822,,,,419-7571,60.13,,서울특별시 송파구 송파동 135-2번지 지상1층 ,서울특별시 송파구 백제고분로 432 (송파동,지상1층),,송파원동물병원,2017-08-22 17:25:45,I,2018-08-31 23:59:59.0,,209821.471238859    ,445231.701403715    ,동물병원,,,000,
3230000,323000001020070009,20071101,,03,폐업,0002,폐업,20140731,,,,430-7585,36.37,,,서울특별시 송파구 송이로 98 (가락동),05713,해밀동물병원,2015-07-31 13:05:49,I,2018-08-31 23:59:59.0,,210623.551672443    ,443914.310014884    ,동물병원,,,000,
3230000,323000001020070010,20071130,,03,폐업,0002,폐업,20080929,,,,413-6676,27,,서울특별시 송파구 방이동 136-13번지 지상1층 ,서울특별시 송파구 가락로 259 (방이동,지상1층),,레인보우동물병원,2015-07-28 18:02:56,I,2018-08-31 23:59:59.0,,210413.194501406    ,445439.810176902    ,동물병원,,,000,
3230000,323000001020080001,20080107,,03,폐업,0002,폐업,20120503,,,,443-7533,36,,서울특별시 송파구 가락동 8번지 가락스타클래스 107호 ,서울특별시 송파구 오금로 306 (가락동,가락스타클래스 107호),,오금 동물병원,2015-07-30 19:34:17,I,2018-08-31 23:59:59.0,,211082.205235743    ,444525.412046546    ,동물병원,,,000,
3230000,323000001020080002,20080307,,01,영업/정상,0000,정상,,,,,02-416-7512,0,,서울특별시 송파구 신천동 11-4 잠실 푸르지오 월드마크 상가 207호,서울특별시 송파구 올림픽로35가길 9, 상가동 2층 207호 (신천동, 잠실 푸르지오 월드마크),05510,더 샵 동물메디컬센터,2022-12-05 13:25:38,U,2021-11-02 00:07:00.0,,209087.122362019,446139.152554604,,,,,
3230000,323000001020080003,20080414,,03,폐업,0002,폐업,20090601,,,,430-5353,54.13,,서울특별시 송파구 오금동 41-23번지 지상1층 ,서울특별시 송파구 마천로 76 (오금동,지상1층),,이솝 동물병원,2015-07-30 19:45:41,I,2018-08-31 23:59:59.0,,211298.667149472    ,445021.964533794    ,동물병원,,,000,
3230000,323000001020080004,20080421,,03,폐업,0002,폐업,20180212,,,,420-0975,53.77,,,서울특별시 송파구 석촌호수로 94 (잠실동),05564,신천 동물병원,2018-02-12 17:47:45,I,2018-08-31 23:59:59.0,,207664.912872888    ,445106.471270299    ,동물병원,,,000,
3230000,323000001020080005,20080822,,03,폐업,0002,폐업,20120130,,,,3431-6007,0,,서울특별시 송파구 석촌동 1-1번지 신동아로쟌뷰 1층(114호) ,서울특별시 송파구 석촌호수로 188 (석촌동,신동아로쟌뷰 1층(114호)),,로잔동물병원,2015-07-28 18:06:47,I,2018-08-31 23:59:59.0,,208570.23058604     ,444895.883501208    ,동물병원,,,000,
3230000,323000001020090001,20090219,,03,폐업,0002,폐업,20110131,,,,3401-7588,70,,서울특별시 송파구 문정동 11-8번지 지상2층 ,서울특별시 송파구 송이로32길 16 (문정동,지상2층),,서울동물병원,2015-07-29 17:16:07,I,2018-08-31 23:59:59.0,,211216.876756012    ,442963.927571132    ,동물병원,,,000,
3230000,323000001020090002,20090324,,01,영업/정상,0000,정상,,,,,02-449-8575,50,,서울특별시 송파구 마천동 161-2,서울특별시 송파구 성내천로 229, 1층 (마천동),05747,두리동물병원,2022-12-05 13:26:12,U,2021-11-02 00:07:00.0,,213472.400666424,444156.64213619,,,,,
3230000,323000001020090003,20090423,,03,폐업,0002,폐업,20100407,,,,02-565-7582,0,,서울특별시 송파구 잠실동 19-9번지 2A12호,,,알프스 동물병원,2015-07-29 17:35:42,I,2018-08-31 23:59:59.0,,207373.50021477     ,445545.656024061    ,동물병원,,,000,
3230000,323000001020090004,20090424,,03,폐업,0002,폐업,20091124,,,,443-2222,0,,서울특별시 송파구 가락동 137-3번지 102호,,,내사랑 동물병원,2015-07-28 17:39:24,I,2018-08-31 23:59:59.0,,211262.994857358    ,443408.278406299    ,동물병원,,,000,
3230000,323000001020090005,20090603,,03,폐업,0002,폐업,20190207,,,,430-5353,55.13,,,서울특별시 송파구 마천로 76 (오금동),05659,솔로몬동물병원,2019-02-07 10:49:49,U,2019-02-09 02:40:00.0,,211313.698249836    ,445013.39407914     ,동물병원,,,000,
3230000,323000001020090006,20090714,,01,영업/정상,0000,정상,,,,,02-415-7579,28.47,,서울특별시 송파구 신천동 17 파크리오상가 36호,서울특별시 송파구 올림픽로 435, 상가동 1층 36호 (신천동, 파크리오),05507,리오동물병원,2022-12-05 13:28:30,U,2021-11-02 00:07:00.0,,209314.259995755,446483.316079239,,,,,
3230000,323000001020090007,20091110,,03,폐업,0002,폐업,20120316,,,,473-0577,20.7,,서울특별시 송파구 풍납동 257-95번지 지상1층 ,서울특별시 송파구 토성로 30-1 (풍납동,지상1층),,튼튼동물병원,2015-07-30 20:01:14,I,2018-08-31 23:59:59.0,,209976.153437942    ,447559.131102071    ,동물병원,,,000,
3230000,323000001020090008,20091130,,03,폐업,0002,폐업,20141215,,,,420-7580,67.96,,,서울특별시 송파구 백제고분로 115 (잠실동, 그린빌딩1층),05570,꿈이 크는 동물병원,2015-07-31 11:05:01,I,2018-08-31 23:59:59.0,,207003.155869738    ,444965.148626967    ,동물병원,,,000,
3230000,323000001020090009,2009-12-02,,01,영업/정상,0000,정상,,,,,02-443-2222,0,,서울특별시 송파구 가락동 137-3 현대빌리지,서울특별시 송파구 동남로 161, 1,2층 (가락동, 현대빌리지),05826,에코동물병원,2024-07-22 13:41:49,U,2023-12-06 22:04:00.0,,211262.994857358,443408.278406299,,,,,
3230000,323000001020100001,20100203,,03,폐업,0002,폐업,20170305,,,,422-7773,0,,,서울특별시 송파구 석촌호수로 74 (잠실동),05559,참 동물병원,2017-03-08 16:47:34,I,2018-08-31 23:59:59.0,,207489.517755073    ,445273.820450137    ,동물병원,,,000,
3230000,323000001020100002,20100525,,03,폐업,0002,폐업,20220520,,,,420-9993,0,,서울특별시 송파구 송파동 103-29,서울특별시 송파구 가락로 162, 1층 (송파동),05675,한양종합동물병원,2022-05-23 17:59:28,U,2021-12-04 22:05:00.0,,209960.669881595,444566.344556444,,,,,
3230000,323000001020100003,20100716,,01,영업/정상,0000,정상,,,,,02-417-3021,0,,서울특별시 송파구 방이동 181 태평양파크빌라트,서울특별시 송파구 위례성대로 102, 2층 202호 (방이동, 태평양파크빌라트),05637,스킨앤이어동물병원,2022-05-31 12:16:41,U,2021-12-06 00:02:00.0,,210806.17880244,445687.287777099,,,,,
3230000,323000001020100004,20100830,,03,폐업,0002,폐업,20220203,,,,2144-6175,45.53,,서울특별시 송파구 잠실동 40 갤러리아팰리스상가 124호,서울특별시 송파구 올림픽로 212, 상가동 124호 (잠실동, 갤러리아팰리스),05553,갤러리아동물병원,2022-02-08 14:57:05,U,2022-02-10 02:40:00.0,,208233.926974585    ,445435.257647797    ,동물병원,,,000,0
3230000,323000001020110001,20110107,,01,영업/정상,0000,정상,,,,,02-423-8280,41.53,,서울특별시 송파구 잠실동 19-9 잠실파인애플상가 A동 2층 9,10호,서울특별시 송파구 올림픽로 119, 잠실파인애플상가 A동 2층 9,10호 (잠실동),05501,연 동물병원,2022-12-05 13:30:26,U,2021-11-02 00:07:00.0,,207373.50021477,445545.656024061,,,,,
3230000,323000001020110002,20110208,,03,폐업,0002,폐업,20120718,,,,,0,,,서울특별시 강서구 가로공원로80길 6, 2층 2호 (화곡동, 태영아트빌),07762,24시송파서울동물병원,2015-07-29 17:18:02,I,2018-08-31 23:59:59.0,,185674.311733194    ,448312.357884851    ,동물병원,,,000,
3230000,323000001020110003,20110628,,03,폐업,0002,폐업,20190411,,,,2047-4224,0,,서울특별시 송파구 문정동 628번지 가든파이브툴 지하1층 ,서울특별시 송파구 충민로 10, 가든파이브툴 지하1층 (문정동),05840,웰니스동물병원,2019-04-11 14:52:07,U,2019-04-13 02:40:00.0,,210480.282018702    ,441833.16323518     ,동물병원,,,000,
3230000,323000001020110004,20110701,,03,폐업,0002,폐업,20180501,,,,2202-3515,0,,서울특별시 송파구 삼전동 7-6번지 지상1층 ,서울특별시 송파구 백제고분로 195 (삼전동,지상1층),,서울동물의료원,2018-04-30 17:58:29,I,2018-08-31 23:59:59.0,,207763.353192352    ,444701.207870431    ,동물병원,,,L00,
3230000,323000001020110005,20110701,,03,폐업,0002,폐업,20150302,,,,416-8070,0,,서울특별시 송파구 송파동 135-8번지 ,서울특별시 송파구 오금로 168 (송파동),05662,강남종합동물병원,2015-07-28 16:49:40,I,2018-08-31 23:59:59.0,,209918.583080726    ,445270.497368313    ,동물병원,,,L00,
3230000,323000001020110006,20110715,,03,폐업,0002,폐업,20170624,,,,431-7575,36.75,,서울특별시 송파구 가락동 193-3번지 광성빌딩106호 ,서울특별시 송파구 동남로 202 (가락동,광성빌딩106호),,더 동물병원,2017-06-23 10:16:14,I,2018-08-31 23:59:59.0,,211522.187830574    ,443693.193640948    ,동물병원,,,000,
3230000,323000001020110007,20110720,,03,폐업,0002,폐업,20160713,,,,2203-0040,0,,서울특별시 송파구 잠실동 40번지 갤러리아팰리스상가내 지하1층136-11호 ,서울특별시 송파구 올림픽로 212 (잠실동,갤러리아팰리스상가내 지하1층136-11호),,잠실초이 동물병원,2016-07-13 14:09:11,I,2018-08-31 23:59:59.0,,208233.926974585    ,445435.257647797    ,동물병원,,,000,
3230000,323000001020110008,20110805,,03,폐업,0002,폐업,20220630,,,,400-7582,0,,서울특별시 송파구 가락동 125-8 상아빌딩 1층,서울특별시 송파구 송이로 171, 상아빌딩 1층 (가락동),05827,봄빛 동물병원,2022-07-05 08:38:48,U,2021-12-07 00:07:00.0,,211082.480335037,443326.359340829,,,,,
3230000,323000001020110009,20110826,,03,폐업,0002,폐업,20151126,,,,2143-1735,0,,,서울특별시 송파구 올림픽로 240, 2층 (잠실동, 롯데마트),05554,쿨펫 월드점 동물병원,2015-11-26 14:22:42,I,2018-08-31 23:59:59.0,,208589.363343145    ,445455.90405262     ,동물병원,,,000,
3230000,323000001020110010,20111012,,01,영업/정상,0000,정상,,,,,02-2043-7582,0,,서울특별시 송파구 오금동 17 왕천빌딩 1층,서울특별시 송파구 양재대로 1148, 왕천빌딩 1층 (오금동),05657,유앤동물의료원,2022-12-05 13:37:00,U,2021-11-02 00:07:00.0,,211187.285420971,445282.815189137,,,,,
3230000,323000001020110011,20111017,,03,폐업,0002,폐업,20181228,,,,02-425-6125,866.33,,서울특별시 송파구 송파동 141-2번지 ,서울특별시 송파구 오금로 182 (송파동),,이리온 동물의료원,2019-01-09 14:21:46,U,2019-01-11 02:40:00.0,,210052.042595122    ,445172.956368574    ,동물병원,,,L00,
3230000,323000001020110012,20111116,,03,폐업,0002,폐업,20171121,,,,4120098,0,,,서울특별시 송파구 백제고분로 131 (잠실동),05569,아미동물병원,2017-11-27 15:15:47,I,2018-08-31 23:59:59.0,,207154.999826048    ,444910.897363304    ,동물병원,,,000,
3230000,323000001020120001,20120106,,03,폐업,0002,폐업,20130313,,,,4156279,0,,,서울특별시 송파구 백제고분로46길 27 (송파동),05663,이동훈동물병원,2015-07-31 11:25:48,I,2018-08-31 23:59:59.0,,210016.38105631     ,445052.084769807    ,동물병원,,,000,
3230000,323000001020120002,20120202,,03,폐업,0002,폐업,20150214,,,,3431-6007,44.22,,,서울특별시 송파구 석촌호수로 188 (석촌동),05612,잠실VIP동물병원,2015-07-31 11:26:41,I,2018-08-31 23:59:59.0,,208592.841350821    ,444893.596834136    ,동물병원,,,000,
3230000,323000001020120003,20120319,,03,폐업,0002,폐업,20150630,,,,4730577,28.39,,,서울특별시 송파구 토성로 30-1, 1층 1호 (풍납동),05536,청담동물병원,2015-07-31 11:30:13,I,2018-08-31 23:59:59.0,,209976.153437942    ,447559.131102071    ,동물병원,,,000,
3230000,323000001020120004,20120416,,01,영업/정상,0000,정상,,,,,02-419-7580,198,,서울특별시 송파구 석촌동 217 달성빌딩,서울특별시 송파구 삼학사로 34, 달성빌딩 (석촌동),05679,이룸동물병원,2022-12-05 13:37:34,U,2021-11-02 00:07:00.0,,208510.82,444231.795,,,,,
3230000,323000001020120005,20120509,,03,폐업,0002,폐업,20151027,,,,443-7533,40,,,서울특별시 송파구 오금로 306, 1층 7호 (가락동, 가락스타클래스),05701,오금동물병원,2016-12-08 14:30:57,I,2018-08-31 23:59:59.0,,211082.205235743    ,444525.412046546    ,동물병원,,,000,
3230000,323000001020120006,20120712,,03,폐업,0002,폐업,20181227,,,,3401-7582,0,,,서울특별시 송파구 송이로32길 19, 1층 (문정동),05797,하군이네 동물병원,2018-12-27 17:24:45,U,2018-12-29 02:40:00.0,,211228.419979407    ,442900.488682096    ,동물병원,,,000,
3230000,323000001020120007,20120814,,01,영업/정상,0000,정상,,,,,02-419-1010,48.37,,서울특별시 송파구 잠실동 22-6 리센츠상가 1층 C13,C14호,서울특별시 송파구 올림픽로 145, 리센츠 상가동 1층 C13,C14호 (잠실동),05502,리센츠 스타 동물병원,2022-12-05 13:38:45,U,2021-11-02 00:07:00.0,,207624.424720682,445533.439634339,,,,,
3230000,323000001020120008,20121023,,03,폐업,0002,폐업,20121122,,,,400-4633,0,,,서울특별시 송파구 강동대로 300 (방이동),05649,오즈동물병원,2015-07-31 11:23:02,I,2018-08-31 23:59:59.0,,212138.113381365    ,446315.752490531    ,동물병원,,,000,
3230000,323000001020120009,20121113,,03,폐업,0002,폐업,20171229,,,,400-7555,0,,,서울특별시 송파구 충민로2길 36, 1층 102호 (장지동, 해오름 빌딩),05816,치치동물병원,2017-12-29 12:56:00,I,2018-08-31 23:59:59.0,,211280.56398700000  ,441914.84261000000  ,동물병원,,,000,
3230000,323000001020130001,2013-05-15,,01,영업/정상,0000,정상,,,,,02-418-0724,0,,서울특별시 송파구 잠실동 175-6 J타워 202호,서울특별시 송파구 올림픽로 76, J타워 202호 (잠실동),05556,24시잠실ON동물의료센터,2024-07-19 09:25:25,U,2023-12-06 22:01:00.0,,206916.75835,445485.4447736,,,,,
3230000,323000001020130002,20130717,,03,폐업,0002,폐업,20160824,,,,424-7588,10829.64,,,서울특별시 송파구 올림픽로 435, A동 4층 5호 (신천동, 파크리오상가),05507,에이스종합동물병원,2016-08-29 13:25:16,I,2018-08-31 23:59:59.0,,209995.612788762    ,446691.34604437     ,동물병원,,,000,
3230000,323000001020130003,20130723,,01,영업/정상,0000,정상,,,,,02-6925-5475,0,,서울특별시 송파구 신천동 11 장미c상가 내제2층 203호, 내제2층 204동 3호,서울특별시 송파구 올림픽로35길 94, 신천동동 내제2층층 203호 (신천동, 장미3차맨션),05504,킴리동물병원,2022-12-05 13:39:43,U,2021-11-02 00:07:00.0,,209001.844836661,446426.814182263,,,,,
3230000,323000001020130004,20131231,,01,영업/정상,0000,정상,,,,,02-414-7975,60.14,,서울특별시 송파구 석촌동 174-12 청호빌딩 1층 2호,서울특별시 송파구 송파대로 441, 청호빌딩 1층 2호 (석촌동),05616,석촌동물병원,2022-12-05 13:40:19,U,2021-11-02 00:07:00.0,,209318.049046158,444847.903787224,,,,,
3230000,323000001020140001,20140327,,01,영업/정상,0000,정상,,,,,02-6227-7582,85.96,,서울특별시 송파구 방이동 135-1 세림빌딩 1층,서울특별시 송파구 가락로 258, 세림빌딩 1층 (방이동),05634,라임동물병원,2022-12-05 13:40:42,U,2021-11-02 00:07:00.0,,210444.487653465,445418.501583634,,,,,
3230000,323000001020140002,2014-05-21,,01,영업/정상,0000,정상,,,,,02-2203-7975,0,,서울특별시 송파구 석촌동 2-9 금보 1층,서울특별시 송파구 삼학사로 88, 금보 1층 (석촌동),05612,잠실베스트동물메디컬센터,2023-07-13 09:28:20,U,2022-12-06 23:06:00.0,,208542.14164305,444755.616935219,,,,,
3230000,323000001020140003,20140611,,01,영업/정상,0000,정상,,,,,02-431-0275,107.47,,서울특별시 송파구 문정동 4-2 성해아파트상가 1층,서울특별시 송파구 송이로 186, 상가동 1호 (문정동, 성해아파트),05796,문정탑동물병원,2022-12-05 13:43:58,U,2021-11-02 00:07:00.0,,211133.028370272,443191.963476119,,,,,
3230000,323000001020140004,20140901,,01,영업/정상,0000,정상,,,,,02-424-7552,0,,서울특별시 송파구 삼전동 22-6 1층,서울특별시 송파구 석촌호수로 146, 1층 (삼전동),05600,행복한 우리아이 동물병원,2023-01-02 09:51:00,U,2022-12-01 00:04:00.0,,208168.056327148,444967.444844563,,,,,
3230000,323000001020140005,20141008,,03,폐업,0002,폐업,20180930,,,,02-3213-2798,0,,,서울특별시 송파구 올림픽로 300, 지하1층 (신천동, 롯데마트 엔터테인먼트),05551,펫가든동물병원 월드타워점,2018-10-02 14:08:22,U,2018-10-04 02:35:39.0,,209129              ,445785              ,동물병원,,,000,
3230000,323000001020140006,2014-12-15,,01,영업/정상,0000,정상,,,,,02-420-7580,67.96,,서울특별시 송파구 잠실동 222-6 그린빌딩 1층,서울특별시 송파구 백제고분로 115, 그린빌딩 1층 (잠실동),05570,꿈이크는 동물병원,2023-11-03 15:31:52,U,2022-11-01 00:06:00.0,,207003.155869738,444965.148626967,,,,,
3230000,323000001020150001,20150612,,01,영업/정상,0000,정상,,,,,02-449-0075,116.88,,서울특별시 송파구 거여동 20-5 정림빌딩 1층,서울특별시 송파구 오금로 473, 정림빌딩 1층 (거여동),05744,온마음 동물메디컬센터,2022-12-05 13:47:21,U,2021-11-02 00:07:00.0,,212481.114279018,443607.250431617,,,,,
3230000,323000001020150002,2015-07-01,,03,폐업,0002,폐업,2024-06-27,,,,02-473-0577,0,,서울특별시 송파구 풍납동 257-95,서울특별시 송파구 토성로 30-1 (풍납동),05536,청담동물병원,2024-06-28 10:59:18,U,2023-12-05 21:00:00.0,,209976.153437942,447559.131102071,,,,,
3230000,323000001020150003,20150717,,03,폐업,0002,폐업,20160122,,,,,0,,,서울특별시 송파구 올림픽로35가길 16, B15호 (신천동, 홈플러스잠실점),05510,위즈펫동물병원 잠실점,2016-01-22 16:19:45,I,2018-08-31 23:59:59.0,,209039.148023482    ,446007.966801057    ,동물병원,,,000,
3230000,323000001020150004,20150811,,03,폐업,0002,폐업,20151106,,,,,22.68,,,서울특별시 송파구 충민로 66, 라이프동 6층 T6045호 (문정동, 가든파이브라이프),05838,KAVSC동물병원,2015-11-06 18:27:27,I,2018-08-31 23:59:59.0,,211053.11951800000  ,442026.98878300000  ,동물병원,,,000,
3230000,323000001020150005,20151028,,03,폐업,0002,폐업,20181119,,,,02-443-7533,40.8,,,서울특별시 송파구 오금로 306, 107호 (가락동, 가락스타클래스),05701,오금동물병원,2018-11-19 10:03:48,U,2018-11-21 02:36:06.0,,211082.205235743    ,444525.412046546    ,동물병원,,,000,
3230000,323000001020150006,20151202,,01,영업/정상,0000,정상,,,,,02-6401-1512,0,,서울특별시 송파구 문정동 620 송파 푸르지오시티,서울특별시 송파구 새말로 62, 송파 푸르지오시티 110호 (문정동),05841,키다리동물병원,2022-12-05 13:49:26,U,2021-11-02 00:07:00.0,,210654.50616628,442070.575741668,,,,,
3230000,323000001020160001,20160125,,03,폐업,0002,폐업,20171220,,,,02-471-8275,0,,,서울특별시 송파구 올림픽로35가길 16, B16호 (신천동, 홈플러스잠실점),05510,위즈펫동물병원,2017-12-19 10:16:20,I,2018-08-31 23:59:59.0,,209039.148023482    ,446007.966801057    ,동물병원,,,000,
3230000,323000001020160002,20160510,,03,폐업,0002,폐업,20200717,,,,02-3401-0075,36.41,,서울특별시 송파구 장지동 894 위례아이파크상가 5동 E117호,서울특별시 송파구 위례광장로 136, 5동 E117호 (장지동, 위례아이파크),05852,위례동물병원,2020-07-17 14:01:02,U,2020-07-19 02:40:00.0,,212469              ,441602              ,동물병원,,,000,
3230000,323000001020160003,20160531,,03,폐업,0002,폐업,20190503,,,,02-424-7582,49.92,,서울특별시 송파구 신천동 7번지 장미아파트 비상가 2동 108호,서울특별시 송파구 올림픽로35길 112, 장미아파트 비상가 2동 108호 (신천동),05504,바우동물병원,2019-05-03 16:39:07,U,2019-05-05 02:40:00.0,,208707.089897534    ,446299.352775446    ,동물병원,,,000,
3230000,323000001020160004,20160621,,01,영업/정상,0000,정상,,,,,02-400-8575,264,,서울특별시 송파구 문정동 85 어은회관,서울특별시 송파구 새말로 125, 어은회관 (문정동),05809,송파바로동물병원,2022-12-05 13:50:06,U,2021-11-02 00:07:00.0,,211255.759612505,442338.115571068,,,,,
3230000,323000001020160005,20160629,,01,영업/정상,0000,정상,,,,,02-448-7588,220.8,,서울특별시 송파구 문정동 57-3,서울특별시 송파구 새말로5길 17 (문정동),05807,송파스마일동물병원,2022-12-05 13:50:38,U,2021-11-02 00:07:00.0,,210894.045178393,442447.651416591,,,,,
3230000,323000001020160006,20160909,,01,영업/정상,0000,정상,,,,,02-443-8898,0,,서울특별시 송파구 거여동 290-3 우토 파크빌딩,서울특별시 송파구 양산로4길 13, 우토 파크빌딩 (거여동),05779,마루동물병원,2022-12-05 13:51:43,U,2021-11-02 00:07:00.0,,212732.224573984,443096.786433541,,,,,
3230000,323000001020170001,2017-08-14,,01,영업/정상,0000,정상,,,,,02-419-7571,185.6,,서울특별시 송파구 송파동 135-2,서울특별시 송파구 백제고분로 432, 2층 (송파동),05662,송파원동물병원,2024-01-19 10:33:52,U,2023-11-30 22:01:00.0,,209821.471238859,445231.701403715,,,,,
3230000,323000001020180001,2018-02-12,,01,영업/정상,0000,정상,,,,,02-420-0975,0,,서울특별시 송파구 잠실동 242-4 리치빌딩 1층,서울특별시 송파구 석촌호수로 108, 리치빌딩 1층 (잠실동),05566,신천동물병원,2023-12-13 14:23:11,U,2022-11-01 23:05:00.0,,207786.293948913,445052.176136847,,,,,
3230000,323000001020180002,20180212,,01,영업/정상,0000,정상,,,,,02-403-7582,0,,서울특별시 송파구 문정동 624 송파아이파크 1동 E204호,서울특별시 송파구 법원로 55, 송파아이파크 1층 E204호 (문정동),05841,송파데일리동물병원,2022-12-05 13:53:28,U,2021-11-02 00:07:00.0,,210698.849969654,441971.271264751,,,,,
3230000,323000001020180003,20180325,,03,폐업,0002,폐업,20190724,,,,02-417-7774,0,,서울특별시 송파구 방이동 108-7번지 2층 ,서울특별시 송파구 오금로 147, 2층 (방이동),05550,잘키움행동치료동물병원,2019-07-24 13:09:27,U,2019-07-26 02:40:00.0,,209787.947726029    ,445412.46295026     ,동물병원,,,000,
3230000,323000001020180004,20180405,,03,폐업,0002,폐업,20180817,,,,02-6941-1470,0,,서울특별시 송파구 잠실동 40-1번지 롯데월드1층 S-911호 ,서울특별시 송파구 올림픽로 240, 롯데월드 1층 S-911호 (잠실동),05554,웰니스동물병원(롯데월드점),2018-08-17 15:03:45,I,2018-08-31 23:59:59.0,,208589.363343145    ,445455.90405262     ,동물병원,,,000,
3230000,323000001020180005,20180413,,01,영업/정상,0000,정상,,,,,02-431-7575,0,,서울특별시 송파구 장지동 881-5 에스비트램스퀘어 203,204호,서울특별시 송파구 위례광장로 200, 에스비트램스퀘어 203,204호 (장지동),05849,위례S동물의료센터,2022-12-05 13:53:55,U,2021-11-02 00:07:00.0,,212569.252309346,442123.304850852,,,,,
3230000,323000001020180006,2018-07-02,,01,영업/정상,0000,정상,,,,,02-2039-2575,0,,서울특별시 송파구 석촌동 15 제우빌딩 2층 202호,서울특별시 송파구 백제고분로 293, 제우빌딩 2층 202호 (석촌동),05614,닥터캣 고양이병원,2024-03-25 10:10:10,U,2023-12-02 22:07:00.0,,208682.946639076,444522.26110806,,,,,
3230000,323000001020180007,20180723,,03,폐업,0002,폐업,20211222,,,,02-423-5755,0,,서울특별시 송파구 잠실동 27 잠실주공아파트상가 1층 106호,서울특별시 송파구 송파대로 567, 상가동 1층 106호 (잠실동, 잠실주공아파트),05503,더오동물병원,2022-04-11 11:27:26,U,2021-12-03 23:03:00.0,,208317.419891103,445894.98085039,,,,,
3230000,323000001020180008,20180816,,01,영업/정상,0000,정상,,,,,02-2203-7975,0,,서울특별시 송파구 석촌동 2-9 금보 2층,서울특별시 송파구 삼학사로 88, 금보 2층 (석촌동),05612,잠실베스트동물병원 수술재활센터,2022-12-05 13:55:50,U,2021-11-02 00:07:00.0,,208542.14164305,444755.616935219,,,,,
3230000,323000001020180009,20180820,,01,영업/정상,0000,정상,,,,,0507-1330-1480,0,,서울특별시 송파구 잠실동 40-1 롯데월드 1층 S-911호,서울특별시 송파구 올림픽로 240, 롯데월드 1층 S-911호 (잠실동),05554,웰니스동물병원(롯데월드점),2022-12-29 15:25:43,U,2021-11-01 21:01:00.0,,208589.363343145,445455.90405262,,,,,
3230000,323000001020180010,2018-11-13,,01,영업/정상,0000,정상,,,,,02-2088-7775,261.33,,서울특별시 송파구 방이동 108-7,서울특별시 송파구 오금로 147 (방이동),05550,샤인동물메디컬센터,2024-01-19 14:18:09,U,2023-11-30 22:01:00.0,,209787.947726029,445412.46295026,,,,,
3230000,323000001020190001,20190220,,01,영업/정상,0000,정상,,,,,0507-1375-5852,0,,서울특별시 송파구 문정동 652-4 힐스테이트에코문정상가 1층 120,121호,서울특별시 송파구 법원로4길 10, 힐스테이트에코문정 상가동 1층 120,121호 (문정동),05855,문정힐스 동물병원,2022-11-23 12:57:04,U,2021-10-31 22:05:00.0,,,,,,,,
3230000,323000001020190002,20190516,,03,폐업,0002,폐업,20221101,,,,02-6953-7502,0,,서울특별시 송파구 삼전동 28-2 청목빌딩,서울특별시 송파구 삼전로 56, 청목빌딩 (삼전동),05581,헬릭스동물메디컬센터 송파분원,2022-11-14 16:06:46,U,2021-10-31 23:06:00.0,,207700.777656302,444619.911018948,,,,,
3230000,323000001020190003,20190524,,01,영업/정상,0000,정상,,,,,,0,,서울특별시 송파구 거여동 20-5번지 정림빌딩 ,서울특별시 송파구 오금로 473, 정림빌딩 (거여동),05744,온마음 동물메디컬센터,2019-05-24 10:40:01,I,2019-05-26 02:20:55.0,,212481.114279018    ,443607.250431617    ,동물병원,,,000,
3230000,323000001020200001,20200212,,01,영업/정상,0000,정상,,,,,02-2135-6575,0,,서울특별시 송파구 가락동 479 헬리오시티,서울특별시 송파구 송파대로 345, 3B동 28,29호 (가락동, 헬리오시티),05698,헬리오동물병원,2022-12-05 13:59:01,U,2021-11-02 00:07:00.0,,,,,,,,
3230000,323000001020200002,2020-03-11,,03,폐업,0002,폐업,2023-07-28,,,,02-555-2272,0,,서울특별시 송파구 송파동 122-7,서울특별시 송파구 가락로 169, 1층 102호 (송파동),05664,라온펫동물병원,2023-07-28 15:17:33,U,2022-12-06 21:00:00.0,,209999.117811662,444657.925461296,,,,,
3230000,323000001020200003,2020-08-25,,01,영업/정상,0000,정상,,,,,02-443-6933,0,,서울특별시 송파구 오금동 151-1 재상빌딩,서울특별시 송파구 동남로 282, 재상빌딩 1층 (오금동),05740,채움동물의료센터,2023-07-21 17:22:53,U,2022-12-06 22:03:00.0,,212051.906562678,444267.350914749,,,,,
3230000,323000001020200004,2020-09-15,,01,영업/정상,0000,정상,,,,,02-402-3270,0,,서울특별시 송파구 문정동 652-5 문정아이파크,서울특별시 송파구 법원로4길 6, 문정아이파크 128-9호 (문정동),05855,동물병원알루,2023-11-14 09:20:21,U,2022-10-31 23:06:00.0,,,,,,,,
3230000,323000001020200005,2020-11-18,,01,영업/정상,0000,정상,,,,,070-4349-3357,0,,서울특별시 송파구 잠실동 242-2,서울특별시 송파구 석촌호수로 104, 1층 (잠실동),05566,도그마루 동물병원,2023-05-12 15:39:23,U,2022-12-04 23:04:00.0,,207751.128125715,445064.487860419,,,,,
3230000,323000001020210001,20210824,,01,영업/정상,0000,정상,,,,,02-407-7579,0,,서울특별시 송파구 장지동 884 위례2차아이파크,서울특별시 송파구 위례광장로 230, 119,120호 (장지동, 위례2차아이파크),05849,위례 별 동물의료센터,2022-12-05 13:04:37,U,2021-11-02 00:07:00.0,,212641.295329373,441934.252100339,,,,,
3230000,323000001020210002,20210906,,01,영업/정상,0000,정상,,,,,02-2088-2878,0,,서울특별시 송파구 오금동 95-1 이화빌딩,서울특별시 송파구 중대로 320, 이화빌딩 1층 (오금동),05720,엘 동물병원,2022-06-24 11:13:09,U,2021-12-05 22:06:00.0,,211776.359911923,445161.729493138,,,,,
3230000,323000001020220001,20220125,,01,영업/정상,0000,정상,,,,,02-415-7555,0,,서울특별시 송파구 방이동 115-4 금천빌딩,서울특별시 송파구 오금로 185, 금천빌딩 1층 (방이동),05642,송파 마리동물병원,2022-12-05 17:00:38,U,2021-11-02 00:07:00.0,,210092.736422553,445214.179933705,,,,,
3230000,323000001020220002,2022-01-25,,01,영업/정상,0000,정상,,,,,,0,,서울특별시 송파구 송파동 122-7,서울특별시 송파구 가락로 169, 1층 102호 (송파동),05664,라온펫동물병원,2023-07-28 15:45:58,U,2022-12-06 21:00:00.0,,209999.117811662,444657.925461296,,,,,
3230000,323000001020220003,20220331,,01,영업/정상,0000,정상,,,,,02-830-1494,0,,서울특별시 송파구 방이동 180-3 올림픽타워빌,서울특별시 송파구 백제고분로 506, 4층 (방이동, 올림픽타워빌),05627,베를린 동물치과센터,2022-08-25 15:01:59,U,2021-12-07 22:07:00.0,,210147.649377402,445888.044710065,,,,,
3230000,323000001020220004,2022-05-04,,03,폐업,0002,폐업,2023-09-11,,,,02-6956-5259,0,,서울특별시 송파구 오금동 1 홍일빌딩,서울특별시 송파구 양재대로 1164, 홍일빌딩 2층 (오금동),05652,엘리트 동물의료센터,2023-09-11 17:25:43,U,2022-12-08 23:03:00.0,,211282.308702926,445435.901904076,,,,,
3230000,323000001020220005,2022-05-23,,01,영업/정상,0000,정상,,,,,02-420-9993,76.34,,서울특별시 송파구 송파동 103-29,서울특별시 송파구 가락로 162, 1층 (송파동),05675,한양동물병원,2024-07-26 17:10:13,U,2023-12-06 22:08:00.0,,209960.669881595,444566.344556444,,,,,
3230000,323000001020220006,20220629,,01,영업/정상,0000,정상,,,,,02-6953-7587,32.66,,서울특별시 송파구 잠실동 27 잠실주공아파트,서울특별시 송파구 송파대로 567, 상가동 1층 106호 (잠실동, 잠실주공아파트),05503,잠실동물병원,2022-12-05 17:03:51,U,2021-11-02 00:07:00.0,,208317.419891103,445894.98085039,,,,,
3230000,323000001020220007,2022-07-05,,01,영업/정상,0000,정상,,,,,02-448-6400,367.09,,서울특별시 송파구 거여동 605-4,서울특별시 송파구 위례송파로 77, 위례우성어반타워 3층 303~307, 309호 (거여동),05790,24시 스탠다드 동물의료센터,2023-06-26 10:31:27,U,2022-12-05 22:08:00.0,,212530.183908899,442594.787881412,,,,,
3230000,323000001020220008,2022-11-04,,01,영업/정상,0000,정상,,,,,02-6953-7502,630.14,,서울특별시 송파구 삼전동 28-2,서울특별시 송파구 삼전로 56, 1~4층 (삼전동),05581,리베동물메디컬센터,2024-07-26 16:22:20,U,2023-12-06 22:08:00.0,,207700.777656302,444619.911018948,,,,,
3230000,323000001020230002,2023-04-12,,01,영업/정상,0000,정상,,,,,,177.4,,서울특별시 송파구 방이동 108-7,서울특별시 송파구 오금로 147, 1층 (방이동),05550,샤인아이안과동물병원,2024-07-26 16:21:11,U,2023-12-06 22:08:00.0,,209787.947726029,445412.46295026,,,,,
3230000,323000001020230003,2023-06-27,,01,영업/정상,0000,정상,,,,,02-6953-7599,173.74,,서울특별시 송파구 방이동 180-3 올림픽타워빌,서울특별시 송파구 백제고분로 506, 2층 (방이동, 올림픽타워빌),05627,바로슬동물병원,2024-07-26 16:20:39,U,2023-12-06 22:08:00.0,,210147.649377402,445888.044710065,,,,,
3230000,323000001020230004,2023-08-21,,01,영업/정상,0000,정상,,,,,02-419-5959,57.14,,서울특별시 송파구 석촌동 24-11 석촌호수 나인파크 A,서울특별시 송파구 송파대로49길 52, 석촌호수 나인파크 A 1층 101호 (석촌동),05611,석촌호수동물병원,2024-07-26 16:20:07,U,2023-12-06 22:08:00.0,,208681.402223879,444879.056733741,,,,,
3230000,323000001020230005,2023-08-29,,01,영업/정상,0000,정상,,,,,02-423-2088,118.29,,서울특별시 송파구 석촌동 235-2 금산빌딩,서울특별시 송파구 백제고분로 294, 금산빌딩 1층 (석촌동),05680,한걸음더 재활한방 동물병원,2024-07-26 16:19:33,U,2023-12-06 22:08:00.0,,208716.224790006,444472.55590963,,,,,
3230000,323000001020230006,2023-09-15,,01,영업/정상,0000,정상,,,,,02-6956-5259,149.17,,서울특별시 송파구 오금동 1 홍일빌딩,서울특별시 송파구 양재대로 1164, 홍일빌딩 2층 1, 2호 (오금동),05652,올림픽동물의료센터,2024-07-26 16:13:13,U,2023-12-06 22:08:00.0,,211282.308702926,445435.901904076,,,,,
3230000,323000001020230007,2023-10-16,,01,영업/정상,0000,정상,,,,,,197.42,,서울특별시 송파구 잠실동 175-6 J타워,서울특별시 송파구 올림픽로 76, J타워 5층 501호 (잠실동),05556,ONAMC,2024-07-26 13:34:45,U,2023-12-06 22:08:00.0,,206916.75835,445485.4447736,,,,,
3230000,323000001020230008,2023-10-24,,01,영업/정상,0000,정상,,,,,02-6479-7582,76,,서울특별시 송파구 석촌동 251-4 푸른바둑교실,서울특별시 송파구 가락로 69, 푸른바둑교실 1층 (석촌동),05690,동물병원 유피,2024-07-26 11:22:21,U,2023-12-06 22:08:00.0,,209110.621910902,444219.84748826,,,,,
3230000,323000001020230009,2023-12-04,,01,영업/정상,0000,정상,,,,,,171.44,,서울특별시 송파구 삼전동 22-2 잠실레이크타워,서울특별시 송파구 석촌호수로 140, 잠실레이크타워 202, 203호 (삼전동),05600,스무살의꿈 동물병원,2024-07-26 11:21:38,U,2023-12-06 22:08:00.0,,208106.510001185,444988.080002931,,,,,
3230000,323000001020240001,2024-03-22,,01,영업/정상,0000,정상,,,,,,734.2,,서울특별시 송파구 가락동 107-1,서울특별시 송파구 동남로 115 (가락동),05831,리움동물의료센터,2024-04-22 11:23:43,U,2023-12-03 22:04:00.0,,210874.46580602,443154.570251567,,,,,
3230000,323000001020240002,2024-03-28,,01,영업/정상,0000,정상,,,,,02-403-7588,98.31,,서울특별시 송파구 가락동 160-3 다윤빌딩,서울특별시 송파구 오금로 332, 다윤빌딩 2층 (가락동),05818,리틀버드서울 버드앤주클리닉,2024-07-26 11:10:39,U,2023-12-06 22:08:00.0,,211290.306609617,444364.073052691,,,,,
3230000,323000001020240003,2024-05-01,,01,영업/정상,0000,정상,,,,,02-423-1233,214.44,,서울특별시 송파구 송파동 15-6,서울특별시 송파구 송파대로 450 (송파동),05625,펫웨이브 동물의료센터,2024-07-26 11:09:46,U,2023-12-06 22:08:00.0,,209317.012187704,444964.289630833,,,,,
3230000,323000001020240004,2024-07-18,,01,영업/정상,0000,정상,,,,,02-6958-8575,121.68,,서울특별시 송파구 거여동 697 송파시그니처롯데캐슬,서울특별시 송파구 거마로 56, 송파시그니처롯데캐슬 상가동 지하1층 1-3,1-4호 (거여동, 송파시그니처롯데캐슬),05767,로지동물의료센터,2024-08-08 14:58:36,U,2023-12-07 23:00:00.0,,213149.522764117,443705.473072412,,,,,
